afghanistan,119.73535,2005-2010,Primary
albania,100.4183,2005-2010,Primary
algeria,111.6804,2005-2010,Primary
anguilla,119.36785,2005-2010,Primary
argentina,115.8331,2005-2010,Primary
armenia,94.6153,2005-2010,Primary
aruba,114.9338,2005-2010,Primary
australia,101.9609,2005-2010,Primary
austria,100.9076,2005-2010,Primary
azerbaijan,98.1721,2005-2010,Primary
bahamas,101.9396,2005-2010,Primary
bahrain,95.1009,2005-2010,Primary
bangladesh,99.99975,2005-2010,Primary
barbados,96.3096,2005-2010,Primary
belarus,100.0308,2005-2010,Primary
belgium,100.6821,2005-2010,Primary
belize,115.7286,2005-2010,Primary
benin,112.4288,2005-2010,Primary
bermuda,94.4505,2005-2010,Primary
bhutan,92.2058,2005-2010,Primary
bolivia,114.7443,2005-2010,Primary
botswana,110.8148,2005-2010,Primary
brazil,135.58065,2005-2010,Primary
british virgin islands,112.15995,2005-2010,Primary
brunei darussalam,112.7498,2005-2010,Primary
bulgaria,103.8853,2005-2010,Primary
burkina faso,64.6491,2005-2010,Primary
burundi,87.275,2005-2010,Primary
cabo verde,116.694,2005-2010,Primary
cambodia,131.62675,2005-2010,Primary
cameroon,113.1763,2005-2010,Primary
canada,97.7712,2005-2010,Primary
central african republic,86.89285,2005-2010,Primary
chad,85.3118,2005-2010,Primary
chile,106.8901,2005-2010,Primary
"china, macao sar",102.9693,2005-2010,Primary
colombia,122.5995,2005-2010,Primary
comoros,112.9876,2005-2010,Primary
congo,111.76515,2005-2010,Primary
cook islands,84.4165,2005-2010,Primary
costa rica,113.2729,2005-2010,Primary
croatia,103.3731,2005-2010,Primary
cuba,102.558,2005-2010,Primary
cyprus,100.9213,2005-2010,Primary
czechia,99.9047,2005-2010,Primary
côte d’ivoire,79.5471,2005-2010,Primary
dem. people's rep. korea,99.4035,2005-2010,Primary
dem. rep. of the congo,108.1226,2005-2010,Primary
denmark,98.7853,2005-2010,Primary
djibouti,53.40675,2005-2010,Primary
dominica,91.4151,2005-2010,Primary
dominican republic,111.1122,2005-2010,Primary
eastern asia,103.4445,2005-2010,Primary
ecuador,108.2769,2005-2010,Primary
egypt,98.2245,2005-2010,Primary
el salvador,120.2156,2005-2010,Primary
equatorial guinea,91.502,2005-2010,Primary
eritrea,123.9547,2005-2010,Primary
estonia,100.1597,2005-2010,Primary
eswatini,119.37845,2005-2010,Primary
ethiopia,86.0648,2005-2010,Primary
europe,102.0702,2005-2010,Primary
fiji,105.5943,2005-2010,Primary
finland,98.7891,2005-2010,Primary
france,105.1338,2005-2010,Primary
gambia,78.3713,2005-2010,Primary
georgia,103.3041,2005-2010,Primary
germany,103.3078,2005-2010,Primary
ghana,94.69165000000001,2005-2010,Primary
gibraltar,110.9043,2005-2010,Primary
greece,98.8717,2005-2010,Primary
grenada,112.07400000000001,2005-2010,Primary
guatemala,113.6499,2005-2010,Primary
guinea,88.338,2005-2010,Primary
guyana,101.1069,2005-2010,Primary
honduras,101.7894,2005-2010,Primary
hungary,99.1519,2005-2010,Primary
iceland,98.0117,2005-2010,Primary
indonesia,109.6047,2005-2010,Primary
iran,100.8735,2005-2010,Primary
iraq,117.7558,2005-2010,Primary
ireland,103.2622,2005-2010,Primary
israel,104.4908,2005-2010,Primary
italy,102.9687,2005-2010,Primary
jordan,96.4126,2005-2010,Primary
kazakhstan,102.5733,2005-2010,Primary
kenya,103.3021,2005-2010,Primary
kiribati,107.6264,2005-2010,Primary
kuwait,103.0336,2005-2010,Primary
kyrgyzstan,99.6289,2005-2010,Primary
lao people's dem. rep.,120.1979,2005-2010,Primary
latin america & the caribbean,117.7579,2005-2010,Primary
latvia,106.0629,2005-2010,Primary
lesotho,129.7068,2005-2010,Primary
liberia,108.0295,2005-2010,Primary
libya,107.00385,2005-2010,Primary
liechtenstein,111.5423,2005-2010,Primary
lithuania,103.2481,2005-2010,Primary
luxembourg,100.7357,2005-2010,Primary
madagascar,146.4864,2005-2010,Primary
malawi,129.9401,2005-2010,Primary
malaysia,99.9744,2005-2010,Primary
maldives,114.2565,2005-2010,Primary
mali,82.7029,2005-2010,Primary
malta,101.4559,2005-2010,Primary
marshall islands,99.86785,2005-2010,Primary
mauritania,92.2085,2005-2010,Primary
mauritius,103.3393,2005-2010,Primary
mexico,109.5726,2005-2010,Primary
micronesia,112.48214999999999,2005-2010,Primary
mongolia,97.9856,2005-2010,Primary
montenegro,111.7792,2005-2010,Primary
montserrat,157.6069,2005-2010,Primary
morocco,110.9454,2005-2010,Primary
mozambique,109.5158,2005-2010,Primary
myanmar,98.1014,2005-2010,Primary
namibia,115.9079,2005-2010,Primary
nauru,114.85065,2005-2010,Primary
nepal,119.5655,2005-2010,Primary
netherlands,107.9386,2005-2010,Primary
new zealand,100.1202,2005-2010,Primary
nicaragua,120.3226,2005-2010,Primary
niger,56.2087,2005-2010,Primary
nigeria,109.8247,2005-2010,Primary
niue,103.5294,2005-2010,Primary
north macedonia,94.5246,2005-2010,Primary
northern africa,96.9346,2005-2010,Primary
northern america,101.9909,2005-2010,Primary
norway,98.3692,2005-2010,Primary
oceania,91.0423,2005-2010,Primary
oman,99.30775,2005-2010,Primary
pakistan,90.85249999999999,2005-2010,Primary
panama,109.0599,2005-2010,Primary
papua new guinea,60.72515,2005-2010,Primary
paraguay,112.123,2005-2010,Primary
peru,113.6539,2005-2010,Primary
philippines,107.42945,2005-2010,Primary
poland,94.786,2005-2010,Primary
portugal,120.888,2005-2010,Primary
qatar,108.5858,2005-2010,Primary
republic of korea,101.4598,2005-2010,Primary
republic of moldova,98.5532,2005-2010,Primary
romania,110.4604,2005-2010,Primary
russian federation,97.13315,2005-2010,Primary
rwanda,132.6345,2005-2010,Primary
saint kitts and nevis,113.1388,2005-2010,Primary
saint lucia,104.2005,2005-2010,Primary
saint vincent & grenadines,123.968,2005-2010,Primary
samoa,108.997,2005-2010,Primary
sao tome and principe,128.1224,2005-2010,Primary
saudi arabia,101.19890000000001,2005-2010,Primary
senegal,81.3642,2005-2010,Primary
serbia,102.4855,2005-2010,Primary
seychelles,110.1483,2005-2010,Primary
slovakia,98.7658,2005-2010,Primary
slovenia,101.0418,2005-2010,Primary
solomon islands,103.2278,2005-2010,Primary
somalia,30.0558,2005-2010,Primary
south africa,107.753,2005-2010,Primary
south-eastern asia,106.8339,2005-2010,Primary
southern asia,104.7583,2005-2010,Primary
spain,103.7268,2005-2010,Primary
sri lanka,99.8338,2005-2010,Primary
state of palestine,88.4678,2005-2010,Primary
sub-saharan africa,100.7582,2005-2010,Primary
sudan,67.437,2005-2010,Primary
suriname,105.8415,2005-2010,Primary
sweden,95.9453,2005-2010,Primary
switzerland,102.4582,2005-2010,Primary
syrian arab republic,122.128,2005-2010,Primary
tajikistan,101.8541,2005-2010,Primary
thailand,103.3285,2005-2010,Primary
timor-leste,110.0729,2005-2010,Primary
togo,121.5134,2005-2010,Primary
tonga,113.4336,2005-2010,Primary
"total, all countries or areas",104.5005,2005-2010,Primary
trinidad and tobago,100.7071,2005-2010,Primary
tunisia,112.3627,2005-2010,Primary
turkey,105.7677,2005-2010,Primary
tuvalu,112.8673,2005-2010,Primary
uganda,122.43164999999999,2005-2010,Primary
ukraine,106.6403,2005-2010,Primary
united arab emirates,101.1237,2005-2010,Primary
united kingdom,106.4373,2005-2010,Primary
united rep. of tanzania,106.9952,2005-2010,Primary
united states of america,102.4114,2005-2010,Primary
uruguay,116.45955000000001,2005-2010,Primary
uzbekistan,97.106,2005-2010,Primary
vanuatu,119.1628,2005-2010,Primary
venezuela,104.6812,2005-2010,Primary
viet nam,100.1352,2005-2010,Primary
western asia,104.9917,2005-2010,Primary
yemen,102.2247,2005-2010,Primary
zambia,115.3739,2005-2010,Primary
afghanistan,121.41195,2010-2015,Primary
albania,97.78285,2010-2015,Primary
algeria,120.1924,2010-2015,Primary
angola,132.2961,2010-2015,Primary
anguilla,124.2969,2010-2015,Primary
antigua and barbuda,110.65,2010-2015,Primary
argentina,114.638,2010-2015,Primary
armenia,96.96855,2010-2015,Primary
aruba,114.5293,2010-2015,Primary
australia,105.6476,2010-2015,Primary
austria,101.1844,2010-2015,Primary
azerbaijan,100.38945,2010-2015,Primary
bahamas,86.95725,2010-2015,Primary
bahrain,99.1327,2010-2015,Primary
bangladesh,102.8255,2010-2015,Primary
barbados,98.249,2010-2015,Primary
belarus,101.31389999999999,2010-2015,Primary
belgium,102.85185,2010-2015,Primary
belize,114.4861,2010-2015,Primary
benin,130.77975,2010-2015,Primary
bermuda,99.5301,2010-2015,Primary
bhutan,106.4296,2010-2015,Primary
bolivia,100.90515,2010-2015,Primary
botswana,105.2621,2010-2015,Primary
brazil,116.7095,2010-2015,Primary
british virgin islands,113.8981,2010-2015,Primary
brunei darussalam,106.11105,2010-2015,Primary
bulgaria,102.75444999999999,2010-2015,Primary
burkina faso,85.036,2010-2015,Primary
burundi,135.04489999999998,2010-2015,Primary
cabo verde,113.37605,2010-2015,Primary
cambodia,126.3292,2010-2015,Primary
cameroon,117.8677,2010-2015,Primary
canada,99.67045,2010-2015,Primary
central african republic,100.48904999999999,2010-2015,Primary
chad,105.21934999999999,2010-2015,Primary
chile,103.8503,2010-2015,Primary
china,97.7675,2010-2015,Primary
"china, hong kong sar",108.8497,2010-2015,Primary
"china, macao sar",96.77260000000001,2010-2015,Primary
colombia,118.8319,2010-2015,Primary
comoros,108.6233,2010-2015,Primary
congo,107.50444999999999,2010-2015,Primary
cook islands,98.6667,2010-2015,Primary
costa rica,115.13445,2010-2015,Primary
croatia,96.5549,2010-2015,Primary
cuba,102.5002,2010-2015,Primary
curaçao,164.1893,2010-2015,Primary
cyprus,100.18065,2010-2015,Primary
czechia,101.33335,2010-2015,Primary
côte d’ivoire,92.9656,2010-2015,Primary
dem. rep. of the congo,111.7567,2010-2015,Primary
denmark,100.67255,2010-2015,Primary
djibouti,66.7969,2010-2015,Primary
dominica,109.714,2010-2015,Primary
dominican republic,115.04204999999999,2010-2015,Primary
eastern asia,98.01845,2010-2015,Primary
ecuador,112.273,2010-2015,Primary
egypt,103.88114999999999,2010-2015,Primary
el salvador,113.04855,2010-2015,Primary
equatorial guinea,69.5726,2010-2015,Primary
eritrea,88.1138,2010-2015,Primary
estonia,101.03835000000001,2010-2015,Primary
eswatini,128.1681,2010-2015,Primary
ethiopia,97.7399,2010-2015,Primary
europe,101.5899,2010-2015,Primary
fiji,107.1829,2010-2015,Primary
finland,100.31524999999999,2010-2015,Primary
france,102.44200000000001,2010-2015,Primary
gabon,142.1478,2010-2015,Primary
gambia,79.4268,2010-2015,Primary
georgia,103.68905000000001,2010-2015,Primary
germany,101.9953,2010-2015,Primary
ghana,104.6178,2010-2015,Primary
greece,99.03805,2010-2015,Primary
grenada,119.3689,2010-2015,Primary
guatemala,110.3643,2010-2015,Primary
guinea,96.39065,2010-2015,Primary
guinea-bissau,122.9298,2010-2015,Primary
guyana,98.7744,2010-2015,Primary
honduras,96.6236,2010-2015,Primary
hungary,101.68780000000001,2010-2015,Primary
iceland,98.8201,2010-2015,Primary
india,105.01984999999999,2010-2015,Primary
indonesia,107.39665,2010-2015,Primary
iran,103.33435,2010-2015,Primary
ireland,102.47399999999999,2010-2015,Primary
israel,105.10249999999999,2010-2015,Primary
italy,102.43385,2010-2015,Primary
jordan,79.9217,2010-2015,Primary
kazakhstan,110.48830000000001,2010-2015,Primary
kenya,105.3677,2010-2015,Primary
kiribati,113.0471,2010-2015,Primary
kuwait,102.98085,2010-2015,Primary
kyrgyzstan,103.07735,2010-2015,Primary
lao people's dem. rep.,125.0737,2010-2015,Primary
latin america & the caribbean,113.8942,2010-2015,Primary
latvia,101.91805,2010-2015,Primary
lesotho,123.2958,2010-2015,Primary
liberia,101.6297,2010-2015,Primary
liechtenstein,105.83285000000001,2010-2015,Primary
lithuania,101.34514999999999,2010-2015,Primary
luxembourg,97.0761,2010-2015,Primary
madagascar,145.2366,2010-2015,Primary
malawi,138.9486,2010-2015,Primary
malaysia,101.65875,2010-2015,Primary
mali,85.67009999999999,2010-2015,Primary
malta,101.8551,2010-2015,Primary
marshall islands,96.1713,2010-2015,Primary
mauritania,97.4615,2010-2015,Primary
mauritius,101.97720000000001,2010-2015,Primary
mexico,109.852,2010-2015,Primary
micronesia,102.9298,2010-2015,Primary
mongolia,114.7615,2010-2015,Primary
montenegro,103.16995,2010-2015,Primary
montserrat,92.9461,2010-2015,Primary
morocco,112.9727,2010-2015,Primary
mozambique,115.9458,2010-2015,Primary
myanmar,100.95060000000001,2010-2015,Primary
namibia,120.5906,2010-2015,Primary
nauru,121.261,2010-2015,Primary
nepal,139.3322,2010-2015,Primary
netherlands,107.14855,2010-2015,Primary
new zealand,99.20705,2010-2015,Primary
nicaragua,121.132,2010-2015,Primary
niger,74.5084,2010-2015,Primary
nigeria,90.7532,2010-2015,Primary
niue,114.8148,2010-2015,Primary
north macedonia,89.9152,2010-2015,Primary
northern africa,100.95320000000001,2010-2015,Primary
northern america,100.27664999999999,2010-2015,Primary
norway,99.39755,2010-2015,Primary
oceania,103.04965,2010-2015,Primary
oman,106.22864999999999,2010-2015,Primary
pakistan,90.84165,2010-2015,Primary
palau,119.29115,2010-2015,Primary
panama,103.64920000000001,2010-2015,Primary
papua new guinea,107.6927,2010-2015,Primary
paraguay,104.9821,2010-2015,Primary
peru,105.392,2010-2015,Primary
philippines,114.1822,2010-2015,Primary
poland,98.47479999999999,2010-2015,Primary
portugal,111.79425,2010-2015,Primary
puerto rico,92.9882,2010-2015,Primary
qatar,99.40845,2010-2015,Primary
republic of korea,100.0161,2010-2015,Primary
republic of moldova,93.49119999999999,2010-2015,Primary
romania,100.1365,2010-2015,Primary
russian federation,97.3749,2010-2015,Primary
rwanda,142.5233,2010-2015,Primary
saint kitts and nevis,112.66534999999999,2010-2015,Primary
saint vincent & grenadines,111.64385,2010-2015,Primary
samoa,109.6101,2010-2015,Primary
san marino,107.9244,2010-2015,Primary
sao tome and principe,111.38345,2010-2015,Primary
saudi arabia,113.92439999999999,2010-2015,Primary
senegal,81.23355000000001,2010-2015,Primary
serbia,98.52199999999999,2010-2015,Primary
seychelles,106.78495000000001,2010-2015,Primary
sierra leone,118.1269,2010-2015,Primary
sint maarten,127.4898,2010-2015,Primary
slovakia,101.05799999999999,2010-2015,Primary
slovenia,99.50720000000001,2010-2015,Primary
solomon islands,114.9725,2010-2015,Primary
south africa,105.7367,2010-2015,Primary
south sudan,108.124,2010-2015,Primary
south-eastern asia,107.70815,2010-2015,Primary
southern asia,104.49119999999999,2010-2015,Primary
spain,105.41159999999999,2010-2015,Primary
sri lanka,101.8502,2010-2015,Primary
state of palestine,95.13544999999999,2010-2015,Primary
sub-saharan africa,102.56325000000001,2010-2015,Primary
sudan,75.35835,2010-2015,Primary
suriname,113.31645,2010-2015,Primary
sweden,109.67859999999999,2010-2015,Primary
switzerland,103.4496,2010-2015,Primary
syrian arab republic,100.94704999999999,2010-2015,Primary
tajikistan,101.6478,2010-2015,Primary
thailand,99.3902,2010-2015,Primary
timor-leste,127.7526,2010-2015,Primary
togo,130.5596,2010-2015,Primary
tonga,112.66595000000001,2010-2015,Primary
"total, all countries or areas",103.66245,2010-2015,Primary
trinidad and tobago,108.0195,2010-2015,Primary
tunisia,107.8833,2010-2015,Primary
turkey,104.27215,2010-2015,Primary
turkmenistan,89.2474,2010-2015,Primary
tuvalu,98.0315,2010-2015,Primary
uganda,116.32485,2010-2015,Primary
ukraine,98.28905,2010-2015,Primary
united arab emirates,102.1464,2010-2015,Primary
united kingdom,103.59309999999999,2010-2015,Primary
united rep. of tanzania,88.1689,2010-2015,Primary
united states of america,100.33205000000001,2010-2015,Primary
uruguay,113.59965,2010-2015,Primary
uzbekistan,96.98495,2010-2015,Primary
vanuatu,121.6197,2010-2015,Primary
venezuela,103.18625,2010-2015,Primary
viet nam,109.2569,2010-2015,Primary
western asia,105.3952,2010-2015,Primary
yemen,105.3117,2010-2015,Primary
zambia,106.6446,2010-2015,Primary
zimbabwe,111.0757,2010-2015,Primary
afghanistan,43.4878,2005-2010,Secondary
albania,79.2454,2005-2010,Secondary
algeria,75.4584,2005-2010,Secondary
anguilla,100.8356,2005-2010,Secondary
argentina,88.8204,2005-2010,Secondary
aruba,95.765,2005-2010,Secondary
austria,102.7777,2005-2010,Secondary
bahamas,88.8174,2005-2010,Secondary
bahrain,91.8009,2005-2010,Secondary
bangladesh,46.833299999999994,2005-2010,Secondary
barbados,109.1129,2005-2010,Secondary
belgium,151.099,2005-2010,Secondary
belize,75.2545,2005-2010,Secondary
bermuda,72.9825,2005-2010,Secondary
bhutan,46.326,2005-2010,Secondary
bolivia,89.0138,2005-2010,Secondary
botswana,82.4303,2005-2010,Secondary
brazil,93.9847,2005-2010,Secondary
british virgin islands,107.37610000000001,2005-2010,Secondary
brunei darussalam,97.306,2005-2010,Secondary
bulgaria,91.0423,2005-2010,Secondary
burkina faso,16.7062,2005-2010,Secondary
burundi,14.9529,2005-2010,Secondary
cabo verde,66.8304,2005-2010,Secondary
cambodia,48.6682,2005-2010,Secondary
cameroon,37.18755,2005-2010,Secondary
canada,102.4871,2005-2010,Secondary
central african republic,17.4065,2005-2010,Secondary
chad,23.1702,2005-2010,Secondary
chile,92.9039,2005-2010,Secondary
"china, hong kong sar",81.9397,2005-2010,Secondary
"china, macao sar",89.3614,2005-2010,Secondary
colombia,78.6698,2005-2010,Secondary
cook islands,61.8987,2005-2010,Secondary
costa rica,79.8962,2005-2010,Secondary
croatia,91.6521,2005-2010,Secondary
cuba,92.2962,2005-2010,Secondary
cyprus,95.6543,2005-2010,Secondary
czechia,94.8168,2005-2010,Secondary
dem. rep. of the congo,53.0725,2005-2010,Secondary
denmark,121.8641,2005-2010,Secondary
djibouti,33.0049,2005-2010,Secondary
dominica,99.2036,2005-2010,Secondary
dominican republic,64.8911,2005-2010,Secondary
eastern asia,70.4568,2005-2010,Secondary
ecuador,61.5709,2005-2010,Secondary
el salvador,67.7245,2005-2010,Secondary
equatorial guinea,29.9447,2005-2010,Secondary
eritrea,50.3627,2005-2010,Secondary
estonia,101.0339,2005-2010,Secondary
eswatini,56.23225,2005-2010,Secondary
ethiopia,31.2986,2005-2010,Secondary
europe,97.7422,2005-2010,Secondary
fiji,82.8595,2005-2010,Secondary
finland,109.3475,2005-2010,Secondary
france,106.5808,2005-2010,Secondary
georgia,95.2585,2005-2010,Secondary
germany,103.5841,2005-2010,Secondary
ghana,47.608900000000006,2005-2010,Secondary
gibraltar,85.214,2005-2010,Secondary
greece,103.1407,2005-2010,Secondary
grenada,108.73949999999999,2005-2010,Secondary
guatemala,44.78465,2005-2010,Secondary
guinea,41.0235,2005-2010,Secondary
guyana,88.1405,2005-2010,Secondary
hungary,96.7463,2005-2010,Secondary
iceland,110.4616,2005-2010,Secondary
india,58.4265,2005-2010,Secondary
indonesia,60.4604,2005-2010,Secondary
iran,78.6037,2005-2010,Secondary
iraq,61.3915,2005-2010,Secondary
ireland,105.2217,2005-2010,Secondary
israel,106.2687,2005-2010,Secondary
italy,99.6247,2005-2010,Secondary
jamaica,87.0607,2005-2010,Secondary
jordan,83.2051,2005-2010,Secondary
kenya,54.09505,2005-2010,Secondary
kiribati,82.91995,2005-2010,Secondary
kuwait,104.7961,2005-2010,Secondary
kyrgyzstan,86.4343,2005-2010,Secondary
lao people's dem. rep.,49.7698,2005-2010,Secondary
latin america & the caribbean,83.7672,2005-2010,Secondary
latvia,102.9515,2005-2010,Secondary
lesotho,34.66225,2005-2010,Secondary
libya,87.3434,2005-2010,Secondary
liechtenstein,115.2497,2005-2010,Secondary
lithuania,104.8151,2005-2010,Secondary
luxembourg,92.8973,2005-2010,Secondary
madagascar,26.7729,2005-2010,Secondary
malawi,31.3494,2005-2010,Secondary
malaysia,76.7978,2005-2010,Secondary
mali,31.8576,2005-2010,Secondary
malta,103.8374,2005-2010,Secondary
marshall islands,68.32294999999999,2005-2010,Secondary
mauritania,23.7709,2005-2010,Secondary
mauritius,89.6709,2005-2010,Secondary
mexico,80.5659,2005-2010,Secondary
micronesia,79.9306,2005-2010,Secondary
mongolia,85.6185,2005-2010,Secondary
montenegro,93.0177,2005-2010,Secondary
montserrat,103.25685,2005-2010,Secondary
morocco,54.2799,2005-2010,Secondary
mozambique,15.9828,2005-2010,Secondary
myanmar,45.74335,2005-2010,Secondary
namibia,60.88195,2005-2010,Secondary
nauru,56.3177,2005-2010,Secondary
nepal,53.1282,2005-2010,Secondary
netherlands,119.5314,2005-2010,Secondary
new zealand,117.0688,2005-2010,Secondary
nicaragua,63.141,2005-2010,Secondary
niger,11.8619,2005-2010,Secondary
nigeria,38.1349,2005-2010,Secondary
niue,82.9457,2005-2010,Secondary
north macedonia,82.7846,2005-2010,Secondary
northern africa,69.8168,2005-2010,Secondary
northern america,94.9505,2005-2010,Secondary
norway,113.234,2005-2010,Secondary
oceania,111.7047,2005-2010,Secondary
oman,95.78229999999999,2005-2010,Secondary
pakistan,36.492,2005-2010,Secondary
panama,65.7328,2005-2010,Secondary
paraguay,64.9474,2005-2010,Secondary
peru,83.5647,2005-2010,Secondary
philippines,79.61574999999999,2005-2010,Secondary
poland,99.8784,2005-2010,Secondary
portugal,93.3793,2005-2010,Secondary
qatar,103.8953,2005-2010,Secondary
republic of korea,96.0695,2005-2010,Secondary
republic of moldova,86.2379,2005-2010,Secondary
romania,81.718,2005-2010,Secondary
russian federation,84.38425,2005-2010,Secondary
rwanda,17.7127,2005-2010,Secondary
saint kitts and nevis,97.7242,2005-2010,Secondary
saint lucia,77.4607,2005-2010,Secondary
saint vincent & grenadines,79.5677,2005-2010,Secondary
samoa,78.2313,2005-2010,Secondary
sao tome and principe,41.5685,2005-2010,Secondary
saudi arabia,95.2584,2005-2010,Secondary
senegal,25.6415,2005-2010,Secondary
serbia,87.291,2005-2010,Secondary
seychelles,79.0458,2005-2010,Secondary
slovakia,92.8467,2005-2010,Secondary
slovenia,97.4226,2005-2010,Secondary
solomon islands,33.1706,2005-2010,Secondary
somalia,8.1173,2005-2010,Secondary
south africa,84.3189,2005-2010,Secondary
south-eastern asia,62.563,2005-2010,Secondary
southern asia,54.8075,2005-2010,Secondary
spain,113.7243,2005-2010,Secondary
state of palestine,87.6026,2005-2010,Secondary
sub-saharan africa,35.7097,2005-2010,Secondary
sudan,40.1461,2005-2010,Secondary
suriname,58.8107,2005-2010,Secondary
sweden,104.2874,2005-2010,Secondary
switzerland,98.3063,2005-2010,Secondary
syrian arab republic,71.2348,2005-2010,Secondary
tajikistan,87.3998,2005-2010,Secondary
thailand,71.9106,2005-2010,Secondary
timor-leste,55.7141,2005-2010,Secondary
togo,59.8756,2005-2010,Secondary
"total, all countries or areas",65.7811,2005-2010,Secondary
tunisia,80.5342,2005-2010,Secondary
turkey,91.5791,2005-2010,Secondary
uganda,27.5104,2005-2010,Secondary
ukraine,99.1725,2005-2010,Secondary
united kingdom,103.8922,2005-2010,Secondary
united states of america,94.2021,2005-2010,Secondary
uruguay,93.85525,2005-2010,Secondary
uzbekistan,90.1987,2005-2010,Secondary
venezuela,77.8267,2005-2010,Secondary
western asia,79.7276,2005-2010,Secondary
yemen,62.0823,2005-2010,Secondary
afghanistan,66.9949,2010-2015,Secondary
albania,94.1184,2010-2015,Secondary
algeria,96.5036,2010-2015,Secondary
angola,31.832900000000002,2010-2015,Secondary
anguilla,113.14355,2010-2015,Secondary
antigua and barbuda,106.6667,2010-2015,Secondary
argentina,98.79390000000001,2010-2015,Secondary
armenia,94.64240000000001,2010-2015,Secondary
aruba,101.82945,2010-2015,Secondary
austria,101.128,2010-2015,Secondary
bahamas,84.02709999999999,2010-2015,Secondary
bahrain,95.44624999999999,2010-2015,Secondary
bangladesh,53.286100000000005,2010-2015,Secondary
barbados,101.7637,2010-2015,Secondary
belarus,108.2287,2010-2015,Secondary
belgium,149.5851,2010-2015,Secondary
belize,75.1506,2010-2015,Secondary
benin,66.4146,2010-2015,Secondary
bermuda,71.45235,2010-2015,Secondary
bhutan,72.7332,2010-2015,Secondary
bolivia,89.82385,2010-2015,Secondary
brazil,96.7724,2010-2015,Secondary
british virgin islands,97.62125,2010-2015,Secondary
brunei darussalam,98.83335,2010-2015,Secondary
bulgaria,99.01660000000001,2010-2015,Secondary
burkina faso,28.5764,2010-2015,Secondary
burundi,34.6018,2010-2015,Secondary
cabo verde,84.3382,2010-2015,Secondary
cameroon,62.1351,2010-2015,Secondary
canada,106.30765,2010-2015,Secondary
central african republic,22.8628,2010-2015,Secondary
chad,31.7014,2010-2015,Secondary
chile,94.4628,2010-2015,Secondary
china,88.317,2010-2015,Secondary
"china, hong kong sar",95.0618,2010-2015,Secondary
"china, macao sar",91.77165,2010-2015,Secondary
colombia,92.2003,2010-2015,Secondary
comoros,59.1048,2010-2015,Secondary
congo,56.3444,2010-2015,Secondary
cook islands,82.9011,2010-2015,Secondary
costa rica,108.01044999999999,2010-2015,Secondary
croatia,96.7935,2010-2015,Secondary
cuba,92.1176,2010-2015,Secondary
curaçao,83.7895,2010-2015,Secondary
cyprus,95.14590000000001,2010-2015,Secondary
czechia,99.42224999999999,2010-2015,Secondary
côte d’ivoire,46.0766,2010-2015,Secondary
dem. rep. of the congo,52.9151,2010-2015,Secondary
denmark,122.83475,2010-2015,Secondary
djibouti,44.61325,2010-2015,Secondary
dominica,88.2445,2010-2015,Secondary
dominican republic,74.9089,2010-2015,Secondary
eastern asia,87.5307,2010-2015,Secondary
ecuador,98.4757,2010-2015,Secondary
egypt,75.39795000000001,2010-2015,Secondary
el salvador,72.9927,2010-2015,Secondary
eritrea,61.845600000000005,2010-2015,Secondary
estonia,106.98859999999999,2010-2015,Secondary
eswatini,71.9862,2010-2015,Secondary
ethiopia,38.724900000000005,2010-2015,Secondary
europe,104.0488,2010-2015,Secondary
fiji,85.665,2010-2015,Secondary
finland,122.42925,2010-2015,Secondary
france,104.2885,2010-2015,Secondary
gambia,51.1845,2010-2015,Secondary
georgia,95.9545,2010-2015,Secondary
germany,104.34905,2010-2015,Secondary
ghana,66.008,2010-2015,Secondary
greece,106.67935,2010-2015,Secondary
grenada,114.0489,2010-2015,Secondary
guatemala,53.94585,2010-2015,Secondary
guinea,47.4873,2010-2015,Secondary
guyana,92.3501,2010-2015,Secondary
honduras,52.35265,2010-2015,Secondary
hungary,100.79615,2010-2015,Secondary
iceland,111.5463,2010-2015,Secondary
india,69.12585,2010-2015,Secondary
indonesia,79.5835,2010-2015,Secondary
iran,85.71185,2010-2015,Secondary
ireland,115.00745,2010-2015,Secondary
israel,102.14519999999999,2010-2015,Secondary
italy,102.99275,2010-2015,Secondary
jamaica,79.5233,2010-2015,Secondary
jordan,73.1849,2010-2015,Secondary
kazakhstan,101.75765000000001,2010-2015,Secondary
kuwait,94.29835,2010-2015,Secondary
kyrgyzstan,89.12585,2010-2015,Secondary
lao people's dem. rep.,56.6806,2010-2015,Secondary
latin america & the caribbean,88.49154999999999,2010-2015,Secondary
latvia,109.31344999999999,2010-2015,Secondary
lesotho,49.134299999999996,2010-2015,Secondary
liberia,43.454,2010-2015,Secondary
liechtenstein,122.74260000000001,2010-2015,Secondary
lithuania,108.18405,2010-2015,Secondary
luxembourg,99.8326,2010-2015,Secondary
madagascar,38.7271,2010-2015,Secondary
malawi,37.1136,2010-2015,Secondary
malaysia,78.2821,2010-2015,Secondary
mali,48.46875,2010-2015,Secondary
malta,101.39385,2010-2015,Secondary
mauritania,31.0569,2010-2015,Secondary
mauritius,93.1277,2010-2015,Secondary
mexico,89.26335,2010-2015,Secondary
mongolia,88.3474,2010-2015,Secondary
montenegro,95.4535,2010-2015,Secondary
montserrat,173.5294,2010-2015,Secondary
morocco,71.33995,2010-2015,Secondary
mozambique,31.619600000000002,2010-2015,Secondary
myanmar,49.1661,2010-2015,Secondary
nauru,86.0427,2010-2015,Secondary
nepal,64.3729,2010-2015,Secondary
netherlands,126.488,2010-2015,Secondary
new zealand,114.16355,2010-2015,Secondary
nicaragua,69.1356,2010-2015,Secondary
niger,17.719,2010-2015,Secondary
nigeria,48.1551,2010-2015,Secondary
niue,88.2353,2010-2015,Secondary
north macedonia,82.5561,2010-2015,Secondary
northern africa,74.84665,2010-2015,Secondary
northern america,96.31795,2010-2015,Secondary
norway,114.04755,2010-2015,Secondary
oceania,115.7847,2010-2015,Secondary
oman,98.5439,2010-2015,Secondary
pakistan,39.3749,2010-2015,Secondary
palau,110.72825,2010-2015,Secondary
panama,70.80945,2010-2015,Secondary
papua new guinea,43.9933,2010-2015,Secondary
paraguay,69.4813,2010-2015,Secondary
peru,94.41980000000001,2010-2015,Secondary
philippines,83.3027,2010-2015,Secondary
poland,102.5703,2010-2015,Secondary
portugal,111.38755,2010-2015,Secondary
puerto rico,84.0972,2010-2015,Secondary
qatar,108.2539,2010-2015,Secondary
republic of korea,98.3566,2010-2015,Secondary
republic of moldova,86.87880000000001,2010-2015,Secondary
romania,97.992,2010-2015,Secondary
russian federation,99.917,2010-2015,Secondary
rwanda,34.93705,2010-2015,Secondary
saint kitts and nevis,108.39605,2010-2015,Secondary
saint lucia,91.0971,2010-2015,Secondary
saint vincent & grenadines,105.82534999999999,2010-2015,Secondary
samoa,85.40934999999999,2010-2015,Secondary
san marino,94.14744999999999,2010-2015,Secondary
sao tome and principe,61.3523,2010-2015,Secondary
senegal,44.51795,2010-2015,Secondary
serbia,91.9425,2010-2015,Secondary
seychelles,74.8509,2010-2015,Secondary
sierra leone,41.5229,2010-2015,Secondary
sint maarten,92.6913,2010-2015,Secondary
slovakia,90.9636,2010-2015,Secondary
slovenia,104.70615000000001,2010-2015,Secondary
solomon islands,50.72325,2010-2015,Secondary
south africa,96.9063,2010-2015,Secondary
south sudan,12.7826,2010-2015,Secondary
south-eastern asia,74.42585,2010-2015,Secondary
southern asia,64.883,2010-2015,Secondary
spain,120.45585,2010-2015,Secondary
sri lanka,96.74985000000001,2010-2015,Secondary
state of palestine,81.54015000000001,2010-2015,Secondary
sub-saharan africa,44.995000000000005,2010-2015,Secondary
sudan,46.2416,2010-2015,Secondary
suriname,62.328450000000004,2010-2015,Secondary
sweden,111.6938,2010-2015,Secondary
switzerland,98.79775000000001,2010-2015,Secondary
syrian arab republic,62.38295,2010-2015,Secondary
tajikistan,91.66365,2010-2015,Secondary
thailand,98.41805,2010-2015,Secondary
timor-leste,64.54675,2010-2015,Secondary
tonga,96.84190000000001,2010-2015,Secondary
"total, all countries or areas",73.96355,2010-2015,Secondary
tunisia,87.4125,2010-2015,Secondary
turkey,96.08725,2010-2015,Secondary
turkmenistan,87.5983,2010-2015,Secondary
tuvalu,72.4359,2010-2015,Secondary
ukraine,96.81479999999999,2010-2015,Secondary
united kingdom,113.40245,2010-2015,Secondary
united rep. of tanzania,33.05,2010-2015,Secondary
united states of america,95.33775,2010-2015,Secondary
uruguay,93.2201,2010-2015,Secondary
uzbekistan,91.18414999999999,2010-2015,Secondary
vanuatu,59.5943,2010-2015,Secondary
venezuela,84.18235,2010-2015,Secondary
western asia,83.2555,2010-2015,Secondary
yemen,56.3149,2010-2015,Secondary
zimbabwe,53.4913,2010-2015,Secondary
afghanistan,5.9738,2005-2010,Tertiary
albania,18.841,2005-2010,Tertiary
algeria,18.3611,2005-2010,Tertiary
anguilla,1.4762,2005-2010,Tertiary
argentina,52.5903,2005-2010,Tertiary
armenia,32.8492,2005-2010,Tertiary
aruba,25.8942,2005-2010,Tertiary
bahrain,12.58395,2005-2010,Tertiary
bangladesh,10.9778,2005-2010,Tertiary
belarus,57.2247,2005-2010,Tertiary
belgium,54.5378,2005-2010,Tertiary
belize,12.4504,2005-2010,Tertiary
bermuda,18.0219,2005-2010,Tertiary
bhutan,6.1773,2005-2010,Tertiary
botswana,11.404399999999999,2005-2010,Tertiary
brazil,27.3342,2005-2010,Tertiary
british virgin islands,56.168,2005-2010,Tertiary
brunei darussalam,9.7389,2005-2010,Tertiary
bulgaria,42.0935,2005-2010,Tertiary
burkina faso,3.1694,2005-2010,Tertiary
burundi,3.5784,2005-2010,Tertiary
cabo verde,7.3772,2005-2010,Tertiary
cambodia,8.35475,2005-2010,Tertiary
cameroon,8.58545,2005-2010,Tertiary
central african republic,3.5258,2005-2010,Tertiary
chad,2.6613,2005-2010,Tertiary
chile,50.4398,2005-2010,Tertiary
china,20.0283,2005-2010,Tertiary
"china, hong kong sar",33.4184,2005-2010,Tertiary
"china, macao sar",65.775,2005-2010,Tertiary
colombia,29.5094,2005-2010,Tertiary
congo,10.3331,2005-2010,Tertiary
croatia,40.5281,2005-2010,Tertiary
cuba,46.4015,2005-2010,Tertiary
cyprus,31.2016,2005-2010,Tertiary
czechia,44.8275,2005-2010,Tertiary
côte d’ivoire,11.0113,2005-2010,Tertiary
dem. people's rep. korea,40.7962,2005-2010,Tertiary
dem. rep. of the congo,10.2776,2005-2010,Tertiary
denmark,67.6549,2005-2010,Tertiary
djibouti,3.358,2005-2010,Tertiary
eastern asia,25.3612,2005-2010,Tertiary
ecuador,35.9935,2005-2010,Tertiary
egypt,32.6512,2005-2010,Tertiary
el salvador,21.6392,2005-2010,Tertiary
estonia,50.9444,2005-2010,Tertiary
eswatini,5.188000000000001,2005-2010,Tertiary
ethiopia,4.2681,2005-2010,Tertiary
europe,55.4124,2005-2010,Tertiary
fiji,14.7469,2005-2010,Tertiary
finland,83.2615,2005-2010,Tertiary
france,47.8666,2005-2010,Tertiary
georgia,34.5173,2005-2010,Tertiary
ghana,9.15845,2005-2010,Tertiary
greece,80.8205,2005-2010,Tertiary
grenada,54.2312,2005-2010,Tertiary
guatemala,17.1161,2005-2010,Tertiary
guinea,9.9094,2005-2010,Tertiary
guyana,7.7233,2005-2010,Tertiary
hungary,52.9949,2005-2010,Tertiary
iceland,48.1197,2005-2010,Tertiary
india,12.3362,2005-2010,Tertiary
iran,23.1038,2005-2010,Tertiary
iraq,20.1287,2005-2010,Tertiary
ireland,52.5497,2005-2010,Tertiary
israel,50.6706,2005-2010,Tertiary
italy,54.6233,2005-2010,Tertiary
jordan,35.846,2005-2010,Tertiary
kenya,4.20265,2005-2010,Tertiary
kyrgyzstan,37.766,2005-2010,Tertiary
lao people's dem. rep.,9.1523,2005-2010,Tertiary
latin america & the caribbean,28.1294,2005-2010,Tertiary
latvia,54.4265,2005-2010,Tertiary
lesotho,3.1126500000000004,2005-2010,Tertiary
liechtenstein,35.3774,2005-2010,Tertiary
lithuania,62.5167,2005-2010,Tertiary
madagascar,3.251,2005-2010,Tertiary
malawi,0.6473,2005-2010,Tertiary
malaysia,24.0959,2005-2010,Tertiary
maldives,9.693,2005-2010,Tertiary
malta,27.6774,2005-2010,Tertiary
mauritania,4.3721,2005-2010,Tertiary
mauritius,21.0264,2005-2010,Tertiary
mexico,24.5215,2005-2010,Tertiary
mongolia,33.8242,2005-2010,Tertiary
montenegro,17.2209,2005-2010,Tertiary
montserrat,5.291,2005-2010,Tertiary
morocco,13.0786,2005-2010,Tertiary
mozambique,1.9611,2005-2010,Tertiary
myanmar,8.9851,2005-2010,Tertiary
namibia,7.7067,2005-2010,Tertiary
nepal,10.1842,2005-2010,Tertiary
netherlands,56.3907,2005-2010,Tertiary
niger,1.6062,2005-2010,Tertiary
nigeria,12.2584,2005-2010,Tertiary
north macedonia,24.633,2005-2010,Tertiary
northern africa,24.1102,2005-2010,Tertiary
northern america,65.581,2005-2010,Tertiary
norway,62.4474,2005-2010,Tertiary
oceania,57.1546,2005-2010,Tertiary
oman,18.8398,2005-2010,Tertiary
pakistan,6.300800000000001,2005-2010,Tertiary
panama,32.0702,2005-2010,Tertiary
paraguay,23.9695,2005-2010,Tertiary
peru,32.54685,2005-2010,Tertiary
philippines,25.1394,2005-2010,Tertiary
poland,52.9176,2005-2010,Tertiary
portugal,48.182,2005-2010,Tertiary
qatar,8.9466,2005-2010,Tertiary
republic of korea,110.7839,2005-2010,Tertiary
republic of moldova,29.4639,2005-2010,Tertiary
romania,41.086,2005-2010,Tertiary
russian federation,62.768299999999996,2005-2010,Tertiary
saint kitts and nevis,12.8193,2005-2010,Tertiary
saint lucia,6.07855,2005-2010,Tertiary
saudi arabia,25.8878,2005-2010,Tertiary
serbia,38.569,2005-2010,Tertiary
slovakia,35.3507,2005-2010,Tertiary
slovenia,65.5811,2005-2010,Tertiary
south-eastern asia,21.0451,2005-2010,Tertiary
southern asia,11.6777,2005-2010,Tertiary
spain,60.4647,2005-2010,Tertiary
state of palestine,40.5481,2005-2010,Tertiary
sub-saharan africa,7.1337,2005-2010,Tertiary
sudan,11.4842,2005-2010,Tertiary
sweden,64.7616,2005-2010,Tertiary
switzerland,49.0533,2005-2010,Tertiary
syrian arab republic,19.1085,2005-2010,Tertiary
tajikistan,27.7885,2005-2010,Tertiary
thailand,41.9919,2005-2010,Tertiary
"total, all countries or areas",23.7645,2005-2010,Tertiary
tunisia,28.4162,2005-2010,Tertiary
ukraine,63.0491,2005-2010,Tertiary
united kingdom,49.5031,2005-2010,Tertiary
united rep. of tanzania,2.0027,2005-2010,Tertiary
united states of america,66.9317,2005-2010,Tertiary
uruguay,33.85424999999999,2005-2010,Tertiary
uzbekistan,11.8981,2005-2010,Tertiary
venezuela,59.3499,2005-2010,Tertiary
viet nam,18.7086,2005-2010,Tertiary
western asia,28.0328,2005-2010,Tertiary
yemen,14.4556,2005-2010,Tertiary
afghanistan,12.634,2010-2015,Tertiary
albania,46.30335,2010-2015,Tertiary
algeria,25.5373,2010-2015,Tertiary
angola,9.4246,2010-2015,Tertiary
antigua and barbuda,12.138850000000001,2010-2015,Tertiary
argentina,60.538399999999996,2010-2015,Tertiary
armenia,45.7625,2010-2015,Tertiary
aruba,30.5,2010-2015,Tertiary
austria,72.3468,2010-2015,Tertiary
azerbaijan,20.519350000000003,2010-2015,Tertiary
bahrain,29.0877,2010-2015,Tertiary
bangladesh,15.9264,2010-2015,Tertiary
barbados,42.115700000000004,2010-2015,Tertiary
belarus,72.02525,2010-2015,Tertiary
belgium,61.73295,2010-2015,Tertiary
belize,17.4645,2010-2015,Tertiary
benin,21.8012,2010-2015,Tertiary
bermuda,19.90665,2010-2015,Tertiary
bhutan,10.548449999999999,2010-2015,Tertiary
botswana,24.5686,2010-2015,Tertiary
brazil,42.3421,2010-2015,Tertiary
brunei darussalam,17.2982,2010-2015,Tertiary
bulgaria,54.98805,2010-2015,Tertiary
burkina faso,5.8102,2010-2015,Tertiary
burundi,5.9885,2010-2015,Tertiary
cabo verde,17.64935,2010-2015,Tertiary
cambodia,17.81205,2010-2015,Tertiary
cameroon,15.2983,2010-2015,Tertiary
canada,54.2084,2010-2015,Tertiary
central african republic,4.2010000000000005,2010-2015,Tertiary
chad,4.64215,2010-2015,Tertiary
chile,71.9273,2010-2015,Tertiary
china,31.463900000000002,2010-2015,Tertiary
"china, hong kong sar",62.56075,2010-2015,Tertiary
"china, macao sar",56.5599,2010-2015,Tertiary
colombia,42.646649999999994,2010-2015,Tertiary
comoros,8.26435,2010-2015,Tertiary
congo,11.4611,2010-2015,Tertiary
cook islands,35.7558,2010-2015,Tertiary
costa rica,46.7956,2010-2015,Tertiary
croatia,51.71365,2010-2015,Tertiary
cuba,54.724549999999994,2010-2015,Tertiary
curaçao,12.996,2010-2015,Tertiary
cyprus,47.4873,2010-2015,Tertiary
czechia,54.257149999999996,2010-2015,Tertiary
côte d’ivoire,10.4011,2010-2015,Tertiary
dem. rep. of the congo,9.5194,2010-2015,Tertiary
denmark,63.899550000000005,2010-2015,Tertiary
djibouti,5.06055,2010-2015,Tertiary
dominican republic,37.827,2010-2015,Tertiary
eastern asia,35.424949999999995,2010-2015,Tertiary
ecuador,34.4766,2010-2015,Tertiary
egypt,32.76285,2010-2015,Tertiary
el salvador,25.6478,2010-2015,Tertiary
eritrea,4.915100000000001,2010-2015,Tertiary
estonia,55.19715,2010-2015,Tertiary
eswatini,6.9505,2010-2015,Tertiary
ethiopia,10.892,2010-2015,Tertiary
europe,61.25235,2010-2015,Tertiary
finland,82.5487,2010-2015,Tertiary
france,51.83205,2010-2015,Tertiary
gambia,2.76025,2010-2015,Tertiary
georgia,32.739000000000004,2010-2015,Tertiary
germany,66.9777,2010-2015,Tertiary
ghana,18.3142,2010-2015,Tertiary
greece,110.28550000000001,2010-2015,Tertiary
guatemala,17.1973,2010-2015,Tertiary
guinea,16.505049999999997,2010-2015,Tertiary
guyana,7.35635,2010-2015,Tertiary
honduras,17.4917,2010-2015,Tertiary
hungary,49.80415,2010-2015,Tertiary
iceland,58.2739,2010-2015,Tertiary
india,22.897599999999997,2010-2015,Tertiary
indonesia,27.429000000000002,2010-2015,Tertiary
iran,57.5496,2010-2015,Tertiary
ireland,66.31129999999999,2010-2015,Tertiary
israel,57.45915,2010-2015,Tertiary
italy,53.1473,2010-2015,Tertiary
jamaica,16.51615,2010-2015,Tertiary
jordan,36.85785,2010-2015,Tertiary
kazakhstan,41.96375,2010-2015,Tertiary
kuwait,35.393,2010-2015,Tertiary
kyrgyzstan,38.25445,2010-2015,Tertiary
lao people's dem. rep.,18.98555,2010-2015,Tertiary
latin america & the caribbean,38.82805,2010-2015,Tertiary
latvia,54.55235,2010-2015,Tertiary
lesotho,9.0643,2010-2015,Tertiary
liberia,13.5448,2010-2015,Tertiary
liechtenstein,47.578500000000005,2010-2015,Tertiary
lithuania,63.27295,2010-2015,Tertiary
luxembourg,17.7803,2010-2015,Tertiary
madagascar,4.4327000000000005,2010-2015,Tertiary
malawi,0.9604999999999999,2010-2015,Tertiary
malaysia,32.63045,2010-2015,Tertiary
maldives,8.4928,2010-2015,Tertiary
mali,8.5141,2010-2015,Tertiary
malta,35.2534,2010-2015,Tertiary
marshall islands,23.5213,2010-2015,Tertiary
mauritania,6.819599999999999,2010-2015,Tertiary
mauritius,32.82665,2010-2015,Tertiary
mexico,29.6145,2010-2015,Tertiary
mongolia,47.5832,2010-2015,Tertiary
montenegro,46.4508,2010-2015,Tertiary
montserrat,4.8649,2010-2015,Tertiary
morocco,20.2059,2010-2015,Tertiary
mozambique,6.500249999999999,2010-2015,Tertiary
myanmar,12.1919,2010-2015,Tertiary
namibia,14.7881,2010-2015,Tertiary
nepal,18.320700000000002,2010-2015,Tertiary
netherlands,66.64564999999999,2010-2015,Tertiary
new zealand,64.4086,2010-2015,Tertiary
niger,2.14925,2010-2015,Tertiary
nigeria,11.48725,2010-2015,Tertiary
north macedonia,34.367000000000004,2010-2015,Tertiary
northern africa,27.177799999999998,2010-2015,Tertiary
northern america,74.3926,2010-2015,Tertiary
norway,60.0631,2010-2015,Tertiary
oceania,61.8707,2010-2015,Tertiary
oman,22.5109,2010-2015,Tertiary
pakistan,9.3689,2010-2015,Tertiary
palau,43.9173,2010-2015,Tertiary
panama,34.8164,2010-2015,Tertiary
paraguay,28.6421,2010-2015,Tertiary
philippines,28.82965,2010-2015,Tertiary
poland,56.8842,2010-2015,Tertiary
portugal,60.4838,2010-2015,Tertiary
puerto rico,74.6493,2010-2015,Tertiary
qatar,5.32535,2010-2015,Tertiary
republic of korea,111.48644999999999,2010-2015,Tertiary
republic of moldova,34.325,2010-2015,Tertiary
romania,43.9676,2010-2015,Tertiary
russian federation,71.4833,2010-2015,Tertiary
rwanda,7.35965,2010-2015,Tertiary
saint kitts and nevis,84.0039,2010-2015,Tertiary
saint lucia,8.7904,2010-2015,Tertiary
saint vincent & grenadines,15.2664,2010-2015,Tertiary
san marino,44.203,2010-2015,Tertiary
sao tome and principe,7.387700000000001,2010-2015,Tertiary
saudi arabia,46.2906,2010-2015,Tertiary
senegal,11.5815,2010-2015,Tertiary
serbia,46.6737,2010-2015,Tertiary
seychelles,3.6932,2010-2015,Tertiary
sint maarten,3.004,2010-2015,Tertiary
slovakia,43.308099999999996,2010-2015,Tertiary
slovenia,69.88034999999999,2010-2015,Tertiary
south africa,16.4518,2010-2015,Tertiary
south-eastern asia,27.700699999999998,2010-2015,Tertiary
southern asia,21.72855,2010-2015,Tertiary
spain,72.9434,2010-2015,Tertiary
sri lanka,14.7735,2010-2015,Tertiary
state of palestine,38.141999999999996,2010-2015,Tertiary
sub-saharan africa,9.631450000000001,2010-2015,Tertiary
sudan,15.524349999999998,2010-2015,Tertiary
sweden,53.8729,2010-2015,Tertiary
switzerland,55.9358,2010-2015,Tertiary
syrian arab republic,32.8768,2010-2015,Tertiary
tajikistan,29.933,2010-2015,Tertiary
thailand,43.505799999999994,2010-2015,Tertiary
timor-leste,20.6252,2010-2015,Tertiary
togo,14.7624,2010-2015,Tertiary
"total, all countries or areas",31.19095,2010-2015,Tertiary
tunisia,26.8189,2010-2015,Tertiary
turkmenistan,9.7037,2010-2015,Tertiary
uganda,5.14515,2010-2015,Tertiary
ukraine,74.04400000000001,2010-2015,Tertiary
united kingdom,49.72675,2010-2015,Tertiary
united rep. of tanzania,3.56035,2010-2015,Tertiary
united states of america,76.55165,2010-2015,Tertiary
uzbekistan,10.54435,2010-2015,Tertiary
viet nam,26.271050000000002,2010-2015,Tertiary
western asia,42.4857,2010-2015,Tertiary
yemen,14.45825,2010-2015,Tertiary
zambia,4.7503,2010-2015,Tertiary
zimbabwe,7.8302,2010-2015,Tertiary
