afghanistan,42.803349999999995,2005-2010,Primary
algeria,25.4372,2005-2010,Primary
andorra,10.3326,2005-2010,Primary
anguilla,15.4149,2005-2010,Primary
argentina,17.3367,2005-2010,Primary
armenia,20.25245,2005-2010,Primary
aruba,18.0776,2005-2010,Primary
austria,12.4088,2005-2010,Primary
azerbaijan,13.4483,2005-2010,Primary
bangladesh,46.3989,2005-2010,Primary
barbados,14.84395,2005-2010,Primary
belarus,16.0355,2005-2010,Primary
belgium,11.4904,2005-2010,Primary
belize,23.6234,2005-2010,Primary
benin,46.8289,2005-2010,Primary
bermuda,8.3363,2005-2010,Primary
bhutan,31.0515,2005-2010,Primary
botswana,25.5149,2005-2010,Primary
brazil,21.0437,2005-2010,Primary
british virgin islands,14.21045,2005-2010,Primary
brunei darussalam,11.0335,2005-2010,Primary
bulgaria,16.2265,2005-2010,Primary
burkina faso,47.1764,2005-2010,Primary
burundi,48.704,2005-2010,Primary
cabo verde,26.0141,2005-2010,Primary
cambodia,50.8791,2005-2010,Primary
cameroon,46.92405,2005-2010,Primary
cayman islands,12.448450000000001,2005-2010,Primary
central african republic,91.61975000000001,2005-2010,Primary
central asia,19.8413,2005-2010,Primary
chad,62.087,2005-2010,Primary
chile,26.0513,2005-2010,Primary
"china, hong kong sar",18.347,2005-2010,Primary
"china, macao sar",23.2449,2005-2010,Primary
colombia,28.82875,2005-2010,Primary
comoros,30.1533,2005-2010,Primary
congo,64.3806,2005-2010,Primary
cook islands,16.0657,2005-2010,Primary
costa rica,21.3429,2005-2010,Primary
croatia,17.5257,2005-2010,Primary
cuba,10.3084,2005-2010,Primary
cyprus,17.7271,2005-2010,Primary
czechia,15.9516,2005-2010,Primary
côte d’ivoire,42.1274,2005-2010,Primary
dem. people's rep. korea,22.0,2005-2010,Primary
dem. rep. of the congo,37.3255,2005-2010,Primary
djibouti,34.1401,2005-2010,Primary
dominica,18.1908,2005-2010,Primary
dominican republic,24.3279,2005-2010,Primary
eastern asia,18.9061,2005-2010,Primary
ecuador,22.8962,2005-2010,Primary
egypt,26.4209,2005-2010,Primary
el salvador,37.12185,2005-2010,Primary
eritrea,47.5336,2005-2010,Primary
estonia,10.5893,2005-2010,Primary
eswatini,33.0659,2005-2010,Primary
ethiopia,57.9406,2005-2010,Primary
europe,14.3908,2005-2010,Primary
fiji,26.0328,2005-2010,Primary
finland,15.5342,2005-2010,Primary
france,18.5549,2005-2010,Primary
gambia,36.5646,2005-2010,Primary
georgia,8.9205,2005-2010,Primary
germany,14.1223,2005-2010,Primary
ghana,32.9627,2005-2010,Primary
gibraltar,16.0345,2005-2010,Primary
greece,10.6759,2005-2010,Primary
grenada,18.2389,2005-2010,Primary
guatemala,31.0558,2005-2010,Primary
guinea,44.488249999999994,2005-2010,Primary
guinea-bissau,62.2341,2005-2010,Primary
guyana,28.0394,2005-2010,Primary
honduras,31.509149999999998,2005-2010,Primary
hungary,10.4429,2005-2010,Primary
indonesia,20.4134,2005-2010,Primary
iran,21.11565,2005-2010,Primary
iraq,16.9555,2005-2010,Primary
ireland,17.8651,2005-2010,Primary
israel,13.0433,2005-2010,Primary
italy,10.410350000000001,2005-2010,Primary
kazakhstan,17.2697,2005-2010,Primary
kenya,42.65495,2005-2010,Primary
kiribati,24.832549999999998,2005-2010,Primary
kuwait,10.31205,2005-2010,Primary
kyrgyzstan,24.4884,2005-2010,Primary
lao people's dem. rep.,31.4789,2005-2010,Primary
latin america & the caribbean,23.5291,2005-2010,Primary
latvia,12.2009,2005-2010,Primary
lebanon,14.5745,2005-2010,Primary
lesotho,41.18415,2005-2010,Primary
liberia,27.3615,2005-2010,Primary
liechtenstein,7.5631,2005-2010,Primary
lithuania,14.07,2005-2010,Primary
luxembourg,11.3284,2005-2010,Primary
madagascar,50.745549999999994,2005-2010,Primary
malaysia,16.8953,2005-2010,Primary
maldives,20.0809,2005-2010,Primary
mali,52.26695,2005-2010,Primary
malta,17.9632,2005-2010,Primary
mauritania,40.8686,2005-2010,Primary
mauritius,22.3399,2005-2010,Primary
mexico,28.3176,2005-2010,Primary
mongolia,34.2334,2005-2010,Primary
montserrat,16.73405,2005-2010,Primary
morocco,26.85455,2005-2010,Primary
mozambique,66.3396,2005-2010,Primary
myanmar,30.0092,2005-2010,Primary
namibia,29.9457,2005-2010,Primary
nauru,22.3929,2005-2010,Primary
nepal,39.8645,2005-2010,Primary
new zealand,16.2744,2005-2010,Primary
nicaragua,33.5578,2005-2010,Primary
niger,43.6769,2005-2010,Primary
nigeria,36.91,2005-2010,Primary
north macedonia,19.3788,2005-2010,Primary
northern africa,24.3807,2005-2010,Primary
northern america,14.3516,2005-2010,Primary
oceania,19.7957,2005-2010,Primary
pakistan,38.3394,2005-2010,Primary
panama,24.2326,2005-2010,Primary
peru,23.0281,2005-2010,Primary
philippines,33.25475,2005-2010,Primary
poland,11.5434,2005-2010,Primary
portugal,10.525,2005-2010,Primary
qatar,11.1132,2005-2010,Primary
republic of korea,27.9316,2005-2010,Primary
republic of moldova,17.951,2005-2010,Primary
romania,16.9932,2005-2010,Primary
russian federation,17.4041,2005-2010,Primary
rwanda,68.62565000000001,2005-2010,Primary
saint kitts and nevis,17.6389,2005-2010,Primary
saint lucia,21.9693,2005-2010,Primary
sao tome and principe,28.474249999999998,2005-2010,Primary
saudi arabia,11.38325,2005-2010,Primary
senegal,41.6714,2005-2010,Primary
seychelles,13.7168,2005-2010,Primary
singapore,18.2179,2005-2010,Primary
slovakia,17.5073,2005-2010,Primary
slovenia,15.1326,2005-2010,Primary
somalia,35.5192,2005-2010,Primary
south africa,32.48535,2005-2010,Primary
south-central asia,38.6025,2005-2010,Primary
south-eastern asia,23.2267,2005-2010,Primary
southern asia,39.5948,2005-2010,Primary
spain,13.7508,2005-2010,Primary
sri lanka,21.924,2005-2010,Primary
state of palestine,24.5195,2005-2010,Primary
sub-saharan africa,44.0129,2005-2010,Primary
sudan [former],33.68045,2005-2010,Primary
suriname,18.6156,2005-2010,Primary
sweden,10.0504,2005-2010,Primary
tajikistan,21.3268,2005-2010,Primary
thailand,15.9922,2005-2010,Primary
timor-leste,29.7768,2005-2010,Primary
togo,36.36665,2005-2010,Primary
tonga,20.3004,2005-2010,Primary
"total, all countries or areas",25.2484,2005-2010,Primary
trinidad and tobago,17.062649999999998,2005-2010,Primary
tunisia,19.9875,2005-2010,Primary
uganda,50.64785,2005-2010,Primary
ukraine,18.7038,2005-2010,Primary
united arab emirates,15.4155,2005-2010,Primary
united kingdom,17.8718,2005-2010,Primary
united rep. of tanzania,55.8554,2005-2010,Primary
uruguay,20.1519,2005-2010,Primary
uzbekistan,19.9487,2005-2010,Primary
viet nam,21.5557,2005-2010,Primary
western asia,18.7475,2005-2010,Primary
zambia,56.479,2005-2010,Primary
afghanistan,44.4171,2010-2015,Primary
albania,19.78565,2010-2015,Primary
algeria,23.328,2010-2015,Primary
andorra,9.6402,2010-2015,Primary
angola,44.064800000000005,2010-2015,Primary
anguilla,14.64655,2010-2015,Primary
antigua and barbuda,14.455300000000001,2010-2015,Primary
aruba,15.805600000000002,2010-2015,Primary
austria,11.0283,2010-2015,Primary
azerbaijan,11.0422,2010-2015,Primary
bahamas,14.1453,2010-2015,Primary
bangladesh,42.9748,2010-2015,Primary
barbados,13.0075,2010-2015,Primary
belarus,14.9662,2010-2015,Primary
belgium,11.0343,2010-2015,Primary
belize,22.2434,2010-2015,Primary
benin,45.29625,2010-2015,Primary
bermuda,7.3569,2010-2015,Primary
bhutan,24.941000000000003,2010-2015,Primary
botswana,23.4158,2010-2015,Primary
brazil,22.1661,2010-2015,Primary
british virgin islands,13.2273,2010-2015,Primary
brunei darussalam,11.3488,2010-2015,Primary
bulgaria,17.61185,2010-2015,Primary
burkina faso,52.3999,2010-2015,Primary
burundi,47.12795,2010-2015,Primary
cabo verde,23.6404,2010-2015,Primary
cambodia,48.4496,2010-2015,Primary
cameroon,44.995000000000005,2010-2015,Primary
cayman islands,13.17325,2010-2015,Primary
central african republic,81.3105,2010-2015,Primary
central asia,18.7913,2010-2015,Primary
chad,62.2039,2010-2015,Primary
chile,23.4115,2010-2015,Primary
china,16.8161,2010-2015,Primary
"china, hong kong sar",15.1649,2010-2015,Primary
"china, macao sar",16.0596,2010-2015,Primary
colombia,28.1311,2010-2015,Primary
comoros,27.808,2010-2015,Primary
congo,46.79385,2010-2015,Primary
cook islands,14.9675,2010-2015,Primary
costa rica,17.8517,2010-2015,Primary
croatia,14.2561,2010-2015,Primary
cuba,9.1287,2010-2015,Primary
cyprus,13.7531,2010-2015,Primary
czechia,18.81945,2010-2015,Primary
côte d’ivoire,42.5267,2010-2015,Primary
dem. rep. of the congo,37.0412,2010-2015,Primary
denmark,10.7374,2010-2015,Primary
djibouti,35.2351,2010-2015,Primary
dominica,16.0197,2010-2015,Primary
dominican republic,25.5314,2010-2015,Primary
eastern asia,17.00175,2010-2015,Primary
ecuador,21.984,2010-2015,Primary
egypt,27.7344,2010-2015,Primary
equatorial guinea,27.1674,2010-2015,Primary
eritrea,37.959,2010-2015,Primary
estonia,11.6115,2010-2015,Primary
eswatini,30.210549999999998,2010-2015,Primary
ethiopia,54.563900000000004,2010-2015,Primary
europe,13.746,2010-2015,Primary
fiji,27.9973,2010-2015,Primary
finland,13.6813,2010-2015,Primary
france,17.9715,2010-2015,Primary
gabon,24.531,2010-2015,Primary
gambia,35.6735,2010-2015,Primary
germany,12.6838,2010-2015,Primary
greece,9.4477,2010-2015,Primary
grenada,16.0552,2010-2015,Primary
guatemala,24.924599999999998,2010-2015,Primary
guinea,44.0814,2010-2015,Primary
guinea-bissau,51.9252,2010-2015,Primary
guyana,23.892,2010-2015,Primary
hungary,10.5786,2010-2015,Primary
iceland,9.928,2010-2015,Primary
indonesia,17.78555,2010-2015,Primary
iran,25.9184,2010-2015,Primary
ireland,15.93215,2010-2015,Primary
israel,13.0588,2010-2015,Primary
jordan,16.9087,2010-2015,Primary
kazakhstan,16.2478,2010-2015,Primary
kiribati,26.3713,2010-2015,Primary
kuwait,8.3751,2010-2015,Primary
kyrgyzstan,24.2844,2010-2015,Primary
lao people's dem. rep.,28.8321,2010-2015,Primary
latin america & the caribbean,23.0606,2010-2015,Primary
latvia,11.8849,2010-2015,Primary
lebanon,13.23395,2010-2015,Primary
lesotho,33.277150000000006,2010-2015,Primary
liechtenstein,6.1335,2010-2015,Primary
lithuania,12.8484,2010-2015,Primary
luxembourg,9.294,2010-2015,Primary
madagascar,40.928650000000005,2010-2015,Primary
malawi,77.67265,2010-2015,Primary
malaysia,12.21625,2010-2015,Primary
maldives,11.7007,2010-2015,Primary
mali,50.3983,2010-2015,Primary
malta,14.2935,2010-2015,Primary
mauritania,36.265100000000004,2010-2015,Primary
mauritius,21.4605,2010-2015,Primary
mexico,28.1467,2010-2015,Primary
mongolia,30.2391,2010-2015,Primary
montserrat,10.975,2010-2015,Primary
morocco,26.2372,2010-2015,Primary
mozambique,56.6609,2010-2015,Primary
myanmar,27.8901,2010-2015,Primary
namibia,29.7784,2010-2015,Primary
nauru,39.45,2010-2015,Primary
nepal,28.7768,2010-2015,Primary
new zealand,14.4885,2010-2015,Primary
nicaragua,30.2164,2010-2015,Primary
niger,38.6145,2010-2015,Primary
nigeria,37.5532,2010-2015,Primary
north macedonia,15.9388,2010-2015,Primary
northern africa,24.2881,2010-2015,Primary
northern america,13.8369,2010-2015,Primary
oceania,20.3191,2010-2015,Primary
pakistan,40.4516,2010-2015,Primary
panama,23.4581,2010-2015,Primary
paraguay,24.1597,2010-2015,Primary
peru,19.6817,2010-2015,Primary
poland,9.75455,2010-2015,Primary
portugal,10.8294,2010-2015,Primary
puerto rico,11.6596,2010-2015,Primary
qatar,12.0319,2010-2015,Primary
republic of korea,20.918,2010-2015,Primary
republic of moldova,15.4145,2010-2015,Primary
romania,16.1126,2010-2015,Primary
russian federation,19.5906,2010-2015,Primary
rwanda,64.6187,2010-2015,Primary
saint kitts and nevis,14.1196,2010-2015,Primary
saint lucia,18.5376,2010-2015,Primary
saint vincent & grenadines,16.274,2010-2015,Primary
samoa,30.236,2010-2015,Primary
san marino,6.367,2010-2015,Primary
saudi arabia,11.1544,2010-2015,Primary
senegal,33.6518,2010-2015,Primary
serbia,16.3545,2010-2015,Primary
seychelles,12.547,2010-2015,Primary
sint maarten,11.2736,2010-2015,Primary
slovakia,15.2404,2010-2015,Primary
slovenia,17.0169,2010-2015,Primary
solomon islands,19.5272,2010-2015,Primary
south africa,29.5102,2010-2015,Primary
south-central asia,35.6429,2010-2015,Primary
south-eastern asia,21.0593,2010-2015,Primary
southern asia,36.3657,2010-2015,Primary
spain,12.4015,2010-2015,Primary
sri lanka,24.172150000000002,2010-2015,Primary
state of palestine,27.8011,2010-2015,Primary
sub-saharan africa,42.8995,2010-2015,Primary
suriname,14.9465,2010-2015,Primary
sweden,9.5389,2010-2015,Primary
switzerland,10.27525,2010-2015,Primary
tajikistan,24.22805,2010-2015,Primary
thailand,15.825399999999998,2010-2015,Primary
timor-leste,30.7768,2010-2015,Primary
togo,40.7604,2010-2015,Primary
tonga,24.8863,2010-2015,Primary
"total, all countries or areas",24.3103,2010-2015,Primary
tunisia,17.1498,2010-2015,Primary
turks and caicos islands,9.2877,2010-2015,Primary
uganda,48.176,2010-2015,Primary
ukraine,15.6579,2010-2015,Primary
united arab emirates,16.8336,2010-2015,Primary
united kingdom,17.03995,2010-2015,Primary
united rep. of tanzania,45.8318,2010-2015,Primary
uruguay,13.794,2010-2015,Primary
uzbekistan,17.7621,2010-2015,Primary
vanuatu,21.6644,2010-2015,Primary
viet nam,19.9018,2010-2015,Primary
western asia,17.5962,2010-2015,Primary
yemen,30.5318,2010-2015,Primary
zambia,52.9851,2010-2015,Primary
zimbabwe,36.4082,2010-2015,Primary
afghanistan,31.5624,2005-2010,Secondary
andorra,7.7531,2005-2010,Secondary
anguilla,11.45745,2005-2010,Secondary
argentina,13.6781,2005-2010,Secondary
aruba,14.1753,2005-2010,Secondary
austria,10.9832,2005-2010,Secondary
bahamas,13.5683,2005-2010,Secondary
bangladesh,26.0435,2005-2010,Secondary
barbados,15.2363,2005-2010,Secondary
belize,18.7324,2005-2010,Secondary
bermuda,6.9736,2005-2010,Secondary
bhutan,28.1147,2005-2010,Secondary
botswana,13.7989,2005-2010,Secondary
brazil,15.4278,2005-2010,Secondary
british virgin islands,8.9897,2005-2010,Secondary
brunei darussalam,10.2752,2005-2010,Secondary
bulgaria,11.9756,2005-2010,Secondary
burundi,22.8208,2005-2010,Secondary
cabo verde,23.5034,2005-2010,Secondary
cambodia,29.455350000000003,2005-2010,Secondary
cameroon,21.23535,2005-2010,Secondary
cayman islands,9.5639,2005-2010,Secondary
central african republic,80.0523,2005-2010,Secondary
central asia,11.4021,2005-2010,Secondary
chad,32.9381,2005-2010,Secondary
chile,24.7687,2005-2010,Secondary
"china, hong kong sar",18.0687,2005-2010,Secondary
"china, macao sar",22.4068,2005-2010,Secondary
colombia,26.414,2005-2010,Secondary
cook islands,15.5656,2005-2010,Secondary
croatia,10.1369,2005-2010,Secondary
cuba,11.0518,2005-2010,Secondary
cyprus,11.2914,2005-2010,Secondary
czechia,10.4981,2005-2010,Secondary
dem. rep. of the congo,16.0103,2005-2010,Secondary
djibouti,29.7134,2005-2010,Secondary
dominica,15.0726,2005-2010,Secondary
dominican republic,26.4314,2005-2010,Secondary
eastern asia,17.7265,2005-2010,Secondary
ecuador,13.9046,2005-2010,Secondary
egypt,12.1341,2005-2010,Secondary
el salvador,26.641399999999997,2005-2010,Secondary
equatorial guinea,19.2494,2005-2010,Secondary
eritrea,51.3477,2005-2010,Secondary
eswatini,18.0396,2005-2010,Secondary
ethiopia,47.4135,2005-2010,Secondary
europe,11.1842,2005-2010,Secondary
fiji,18.72,2005-2010,Secondary
finland,10.2567,2005-2010,Secondary
france,11.4308,2005-2010,Secondary
georgia,7.5675,2005-2010,Secondary
germany,13.8804,2005-2010,Secondary
ghana,18.5387,2005-2010,Secondary
gibraltar,5.8759,2005-2010,Secondary
greece,8.0842,2005-2010,Secondary
guatemala,15.7502,2005-2010,Secondary
guinea,33.85855,2005-2010,Secondary
guinea-bissau,37.2811,2005-2010,Secondary
guyana,18.037,2005-2010,Secondary
hungary,9.9414,2005-2010,Secondary
indonesia,12.4783,2005-2010,Secondary
iraq,13.7333,2005-2010,Secondary
israel,9.825050000000001,2005-2010,Secondary
italy,10.320599999999999,2005-2010,Secondary
kenya,30.3253,2005-2010,Secondary
kiribati,17.231749999999998,2005-2010,Secondary
kuwait,8.1747,2005-2010,Secondary
kyrgyzstan,13.4168,2005-2010,Secondary
lao people's dem. rep.,24.7849,2005-2010,Secondary
latin america & the caribbean,16.9721,2005-2010,Secondary
latvia,10.8116,2005-2010,Secondary
lebanon,9.0402,2005-2010,Secondary
lesotho,26.414450000000002,2005-2010,Secondary
liechtenstein,9.42385,2005-2010,Secondary
lithuania,9.9082,2005-2010,Secondary
luxembourg,10.2909,2005-2010,Secondary
madagascar,22.51945,2005-2010,Secondary
malaysia,16.2654,2005-2010,Secondary
mali,23.409,2005-2010,Secondary
malta,11.054649999999999,2005-2010,Secondary
mauritania,28.5903,2005-2010,Secondary
mauritius,17.414,2005-2010,Secondary
mexico,17.8016,2005-2010,Secondary
monaco,5.8093,2005-2010,Secondary
mongolia,22.406,2005-2010,Secondary
montserrat,12.360399999999998,2005-2010,Secondary
mozambique,32.1671,2005-2010,Secondary
myanmar,32.958200000000005,2005-2010,Secondary
namibia,24.871850000000002,2005-2010,Secondary
nauru,18.1317,2005-2010,Secondary
netherlands,13.1324,2005-2010,Secondary
new zealand,14.711,2005-2010,Secondary
nicaragua,33.7329,2005-2010,Secondary
niger,27.3844,2005-2010,Secondary
nigeria,40.1649,2005-2010,Secondary
niue,8.24,2005-2010,Secondary
north macedonia,14.7083,2005-2010,Secondary
northern africa,17.0157,2005-2010,Secondary
northern america,15.2387,2005-2010,Secondary
pakistan,23.2506,2005-2010,Secondary
panama,15.631,2005-2010,Secondary
peru,16.7257,2005-2010,Secondary
philippines,36.34165,2005-2010,Secondary
poland,11.6371,2005-2010,Secondary
portugal,7.1376,2005-2010,Secondary
qatar,11.5715,2005-2010,Secondary
republic of korea,18.104,2005-2010,Secondary
republic of moldova,12.7577,2005-2010,Secondary
romania,12.9349,2005-2010,Secondary
russian federation,8.99235,2005-2010,Secondary
rwanda,25.659950000000002,2005-2010,Secondary
saint kitts and nevis,9.9219,2005-2010,Secondary
saint lucia,16.9328,2005-2010,Secondary
sao tome and principe,21.6917,2005-2010,Secondary
saudi arabia,11.2411,2005-2010,Secondary
senegal,26.3674,2005-2010,Secondary
seychelles,14.4329,2005-2010,Secondary
singapore,16.1528,2005-2010,Secondary
slovakia,13.1152,2005-2010,Secondary
slovenia,11.21,2005-2010,Secondary
somalia,19.3004,2005-2010,Secondary
south africa,28.974800000000002,2005-2010,Secondary
south-central asia,26.221,2005-2010,Secondary
south-eastern asia,18.2418,2005-2010,Secondary
southern asia,29.0486,2005-2010,Secondary
spain,11.0982,2005-2010,Secondary
state of palestine,26.6255,2005-2010,Secondary
sub-saharan africa,27.363,2005-2010,Secondary
sudan [former],21.86835,2005-2010,Secondary
suriname,13.9011,2005-2010,Secondary
sweden,9.6617,2005-2010,Secondary
tajikistan,16.4282,2005-2010,Secondary
thailand,21.2243,2005-2010,Secondary
timor-leste,23.6779,2005-2010,Secondary
togo,33.0059,2005-2010,Secondary
"total, all countries or areas",17.8721,2005-2010,Secondary
tunisia,17.2431,2005-2010,Secondary
uganda,18.4658,2005-2010,Secondary
united kingdom,14.5674,2005-2010,Secondary
uruguay,14.6048,2005-2010,Secondary
uzbekistan,13.3087,2005-2010,Secondary
western asia,14.7132,2005-2010,Secondary
albania,15.0108,2010-2015,Secondary
angola,27.4167,2010-2015,Secondary
anguilla,8.5403,2010-2015,Secondary
antigua and barbuda,11.87515,2010-2015,Secondary
aruba,14.44725,2010-2015,Secondary
austria,9.9725,2010-2015,Secondary
bahamas,12.1276,2010-2015,Secondary
bangladesh,31.76725,2010-2015,Secondary
belize,16.8362,2010-2015,Secondary
bermuda,5.3552,2010-2015,Secondary
bhutan,20.6462,2010-2015,Secondary
brazil,16.6636,2010-2015,Secondary
british virgin islands,8.7082,2010-2015,Secondary
bulgaria,12.6553,2010-2015,Secondary
burkina faso,30.258,2010-2015,Secondary
burundi,33.57885,2010-2015,Secondary
cabo verde,17.5119,2010-2015,Secondary
cameroon,20.4254,2010-2015,Secondary
cayman islands,5.2748,2010-2015,Secondary
central african republic,67.4743,2010-2015,Secondary
central asia,11.5133,2010-2015,Secondary
chad,32.4744,2010-2015,Secondary
chile,21.8657,2010-2015,Secondary
china,15.307500000000001,2010-2015,Secondary
"china, hong kong sar",16.6788,2010-2015,Secondary
"china, macao sar",16.2302,2010-2015,Secondary
colombia,27.1463,2010-2015,Secondary
comoros,8.66165,2010-2015,Secondary
congo,18.676,2010-2015,Secondary
cook islands,16.1795,2010-2015,Secondary
costa rica,15.5078,2010-2015,Secondary
croatia,8.1496,2010-2015,Secondary
cuba,9.4635,2010-2015,Secondary
cyprus,9.7551,2010-2015,Secondary
czechia,11.2624,2010-2015,Secondary
côte d’ivoire,22.3006,2010-2015,Secondary
dem. rep. of the congo,15.08165,2010-2015,Secondary
denmark,11.2903,2010-2015,Secondary
djibouti,27.8955,2010-2015,Secondary
dominica,13.2407,2010-2015,Secondary
dominican republic,28.1925,2010-2015,Secondary
eastern asia,14.81875,2010-2015,Secondary
ecuador,19.9457,2010-2015,Secondary
eritrea,38.6842,2010-2015,Secondary
estonia,8.4295,2010-2015,Secondary
eswatini,17.05895,2010-2015,Secondary
ethiopia,40.3506,2010-2015,Secondary
europe,10.7181,2010-2015,Secondary
fiji,19.2926,2010-2015,Secondary
finland,11.33205,2010-2015,Secondary
france,12.8097,2010-2015,Secondary
germany,12.906,2010-2015,Secondary
greece,8.3062,2010-2015,Secondary
grenada,15.457,2010-2015,Secondary
guatemala,13.324,2010-2015,Secondary
guinea,33.1355,2010-2015,Secondary
guyana,20.8568,2010-2015,Secondary
hungary,10.1956,2010-2015,Secondary
india,25.3282,2010-2015,Secondary
indonesia,13.8248,2010-2015,Secondary
iran,17.5129,2010-2015,Secondary
jamaica,14.2888,2010-2015,Secondary
jordan,14.5993,2010-2015,Secondary
kyrgyzstan,14.3056,2010-2015,Secondary
lao people's dem. rep.,20.2213,2010-2015,Secondary
latin america & the caribbean,17.2522,2010-2015,Secondary
latvia,9.0,2010-2015,Secondary
lebanon,8.3423,2010-2015,Secondary
lesotho,23.97615,2010-2015,Secondary
lithuania,8.8378,2010-2015,Secondary
luxembourg,8.4953,2010-2015,Secondary
madagascar,23.1164,2010-2015,Secondary
malawi,42.6793,2010-2015,Secondary
malaysia,13.50055,2010-2015,Secondary
mauritius,15.2592,2010-2015,Secondary
mexico,17.9126,2010-2015,Secondary
mongolia,14.4926,2010-2015,Secondary
montserrat,12.7037,2010-2015,Secondary
mozambique,37.0865,2010-2015,Secondary
myanmar,32.940400000000004,2010-2015,Secondary
nauru,22.8444,2010-2015,Secondary
nepal,30.57665,2010-2015,Secondary
netherlands,13.7293,2010-2015,Secondary
new zealand,14.5007,2010-2015,Secondary
nicaragua,30.8305,2010-2015,Secondary
niger,30.8371,2010-2015,Secondary
nigeria,23.1971,2010-2015,Secondary
north macedonia,11.9121,2010-2015,Secondary
northern africa,14.9761,2010-2015,Secondary
northern america,14.1246,2010-2015,Secondary
panama,15.339,2010-2015,Secondary
papua new guinea,27.4098,2010-2015,Secondary
paraguay,18.4041,2010-2015,Secondary
peru,15.9904,2010-2015,Secondary
poland,9.92735,2010-2015,Secondary
portugal,7.3473,2010-2015,Secondary
puerto rico,11.1231,2010-2015,Secondary
qatar,9.9343,2010-2015,Secondary
republic of korea,17.6365,2010-2015,Secondary
republic of moldova,10.4993,2010-2015,Secondary
romania,12.4765,2010-2015,Secondary
russian federation,8.7638,2010-2015,Secondary
saint kitts and nevis,9.2667,2010-2015,Secondary
saint lucia,15.7029,2010-2015,Secondary
saint vincent & grenadines,16.8029,2010-2015,Secondary
samoa,21.4682,2010-2015,Secondary
san marino,14.4969,2010-2015,Secondary
serbia,9.6006,2010-2015,Secondary
seychelles,12.7601,2010-2015,Secondary
sint maarten,9.7038,2010-2015,Secondary
slovakia,12.0327,2010-2015,Secondary
slovenia,9.0718,2010-2015,Secondary
solomon islands,26.992449999999998,2010-2015,Secondary
south-central asia,23.5752,2010-2015,Secondary
south-eastern asia,16.8749,2010-2015,Secondary
southern asia,25.1569,2010-2015,Secondary
spain,10.8049,2010-2015,Secondary
sri lanka,17.2822,2010-2015,Secondary
state of palestine,22.508,2010-2015,Secondary
sub-saharan africa,24.0426,2010-2015,Secondary
suriname,13.8498,2010-2015,Secondary
sweden,9.7108,2010-2015,Secondary
switzerland,9.2736,2010-2015,Secondary
tajikistan,16.269550000000002,2010-2015,Secondary
thailand,29.5369,2010-2015,Secondary
timor-leste,23.63855,2010-2015,Secondary
togo,26.2458,2010-2015,Secondary
tonga,14.8812,2010-2015,Secondary
"total, all countries or areas",16.8909,2010-2015,Secondary
tunisia,13.4565,2010-2015,Secondary
turks and caicos islands,8.8342,2010-2015,Secondary
united kingdom,15.8295,2010-2015,Secondary
united rep. of tanzania,23.5159,2010-2015,Secondary
uruguay,12.6584,2010-2015,Secondary
uzbekistan,13.0063,2010-2015,Secondary
western asia,14.07,2010-2015,Secondary
zimbabwe,22.4835,2010-2015,Secondary
afghanistan,28.4815,2005-2010,Tertiary
algeria,27.9201,2005-2010,Tertiary
american samoa,15.3048,2005-2010,Tertiary
andorra,5.2759,2005-2010,Tertiary
angola,37.8647,2005-2010,Tertiary
anguilla,3.8571,2005-2010,Tertiary
argentina,16.7768,2005-2010,Tertiary
armenia,7.553699999999999,2005-2010,Tertiary
aruba,9.2368,2005-2010,Tertiary
bangladesh,22.18985,2005-2010,Tertiary
barbados,14.5102,2005-2010,Tertiary
belarus,12.6695,2005-2010,Tertiary
belgium,15.114,2005-2010,Tertiary
brazil,15.6316,2005-2010,Tertiary
british virgin islands,11.5333,2005-2010,Tertiary
brunei darussalam,9.042850000000001,2005-2010,Tertiary
bulgaria,11.2742,2005-2010,Tertiary
burkina faso,14.0837,2005-2010,Tertiary
burundi,16.0942,2005-2010,Tertiary
cabo verde,8.0619,2005-2010,Tertiary
cambodia,25.892400000000002,2005-2010,Tertiary
cameroon,34.989399999999996,2005-2010,Tertiary
cayman islands,26.8235,2005-2010,Tertiary
central african republic,30.6677,2005-2010,Tertiary
chad,9.0359,2005-2010,Tertiary
china,14.6714,2005-2010,Tertiary
"china, macao sar",15.3978,2005-2010,Tertiary
colombia,13.63805,2005-2010,Tertiary
congo,19.9974,2005-2010,Tertiary
cuba,5.1803,2005-2010,Tertiary
cyprus,13.8374,2005-2010,Tertiary
czechia,14.41545,2005-2010,Tertiary
dem. people's rep. korea,8.5866,2005-2010,Tertiary
dem. rep. of the congo,16.4226,2005-2010,Tertiary
djibouti,18.89385,2005-2010,Tertiary
ecuador,19.8633,2005-2010,Tertiary
el salvador,15.6733,2005-2010,Tertiary
estonia,10.7402,2005-2010,Tertiary
eswatini,12.98545,2005-2010,Tertiary
ethiopia,36.75525,2005-2010,Tertiary
finland,16.447,2005-2010,Tertiary
georgia,6.8338,2005-2010,Tertiary
greece,22.29765,2005-2010,Tertiary
guinea-bissau,147.56,2005-2010,Tertiary
guyana,12.5917,2005-2010,Tertiary
hungary,17.1571,2005-2010,Tertiary
iceland,8.5124,2005-2010,Tertiary
indonesia,13.4695,2005-2010,Tertiary
iran,19.444049999999997,2005-2010,Tertiary
iraq,22.095,2005-2010,Tertiary
ireland,16.0441,2005-2010,Tertiary
italy,20.41365,2005-2010,Tertiary
jordan,26.3996,2005-2010,Tertiary
kyrgyzstan,16.53,2005-2010,Tertiary
lao people's dem. rep.,20.7363,2005-2010,Tertiary
latvia,20.8529,2005-2010,Tertiary
lebanon,7.9816,2005-2010,Tertiary
lesotho,13.756450000000001,2005-2010,Tertiary
lithuania,14.8518,2005-2010,Tertiary
madagascar,20.8763,2005-2010,Tertiary
malawi,7.5357,2005-2010,Tertiary
malaysia,15.3994,2005-2010,Tertiary
malta,10.61435,2005-2010,Tertiary
mauritania,26.68725,2005-2010,Tertiary
mexico,9.4919,2005-2010,Tertiary
mongolia,15.4433,2005-2010,Tertiary
morocco,20.17795,2005-2010,Tertiary
mozambique,9.4045,2005-2010,Tertiary
myanmar,47.5827,2005-2010,Tertiary
namibia,16.3679,2005-2010,Tertiary
nepal,26.40325,2005-2010,Tertiary
netherlands,12.6519,2005-2010,Tertiary
niger,14.8747,2005-2010,Tertiary
north macedonia,16.8939,2005-2010,Tertiary
oman,16.2096,2005-2010,Tertiary
panama,11.0438,2005-2010,Tertiary
philippines,21.2735,2005-2010,Tertiary
poland,22.2619,2005-2010,Tertiary
portugal,10.3592,2005-2010,Tertiary
qatar,14.6069,2005-2010,Tertiary
republic of korea,16.8464,2005-2010,Tertiary
republic of moldova,16.6966,2005-2010,Tertiary
romania,23.9429,2005-2010,Tertiary
russian federation,14.16665,2005-2010,Tertiary
rwanda,16.9729,2005-2010,Tertiary
saint lucia,12.6264,2005-2010,Tertiary
saudi arabia,20.8642,2005-2010,Tertiary
singapore,13.8457,2005-2010,Tertiary
slovakia,14.2748,2005-2010,Tertiary
slovenia,25.0789,2005-2010,Tertiary
spain,12.4806,2005-2010,Tertiary
state of palestine,30.5212,2005-2010,Tertiary
sweden,11.3237,2005-2010,Tertiary
switzerland,5.8603,2005-2010,Tertiary
tajikistan,14.8954,2005-2010,Tertiary
thailand,32.1256,2005-2010,Tertiary
timor-leste,13.9858,2005-2010,Tertiary
togo,69.1532,2005-2010,Tertiary
tunisia,19.6169,2005-2010,Tertiary
turkey,25.6572,2005-2010,Tertiary
ukraine,13.8999,2005-2010,Tertiary
united arab emirates,18.5707,2005-2010,Tertiary
united kingdom,18.03295,2005-2010,Tertiary
united rep. of tanzania,18.8497,2005-2010,Tertiary
united states virgin islands,9.1808,2005-2010,Tertiary
uruguay,9.3106,2005-2010,Tertiary
uzbekistan,13.262,2005-2010,Tertiary
venezuela,12.8745,2005-2010,Tertiary
viet nam,28.4293,2005-2010,Tertiary
yemen,30.702949999999998,2005-2010,Tertiary
afghanistan,23.8933,2010-2015,Tertiary
albania,13.7911,2010-2015,Tertiary
algeria,28.7635,2010-2015,Tertiary
angola,18.1608,2010-2015,Tertiary
antigua and barbuda,7.47285,2010-2015,Tertiary
armenia,9.2233,2010-2015,Tertiary
aruba,10.1462,2010-2015,Tertiary
austria,8.2635,2010-2015,Tertiary
azerbaijan,7.0033,2010-2015,Tertiary
bangladesh,22.873,2010-2015,Tertiary
belarus,14.0247,2010-2015,Tertiary
belgium,15.5784,2010-2015,Tertiary
benin,17.508699999999997,2010-2015,Tertiary
bermuda,15.2892,2010-2015,Tertiary
bhutan,7.24795,2010-2015,Tertiary
bosnia and herzegovina,12.4231,2010-2015,Tertiary
botswana,21.7716,2010-2015,Tertiary
brazil,18.9749,2010-2015,Tertiary
brunei darussalam,8.3468,2010-2015,Tertiary
bulgaria,13.038250000000001,2010-2015,Tertiary
burkina faso,17.7106,2010-2015,Tertiary
burundi,20.8202,2010-2015,Tertiary
cabo verde,10.9546,2010-2015,Tertiary
cameroon,52.1533,2010-2015,Tertiary
canada,6.9069,2010-2015,Tertiary
central african republic,34.6068,2010-2015,Tertiary
china,19.7145,2010-2015,Tertiary
"china, macao sar",14.3645,2010-2015,Tertiary
comoros,25.7479,2010-2015,Tertiary
congo,12.05445,2010-2015,Tertiary
croatia,9.532,2010-2015,Tertiary
cuba,5.2413,2010-2015,Tertiary
cyprus,12.6255,2010-2015,Tertiary
czechia,26.0222,2010-2015,Tertiary
côte d’ivoire,11.63895,2010-2015,Tertiary
dem. rep. of the congo,15.3402,2010-2015,Tertiary
denmark,10.6925,2010-2015,Tertiary
djibouti,19.87275,2010-2015,Tertiary
egypt,23.8711,2010-2015,Tertiary
el salvador,16.4776,2010-2015,Tertiary
eritrea,19.1704,2010-2015,Tertiary
eswatini,17.5534,2010-2015,Tertiary
ethiopia,31.2211,2010-2015,Tertiary
finland,19.51135,2010-2015,Tertiary
france,21.2893,2010-2015,Tertiary
gambia,23.1528,2010-2015,Tertiary
georgia,7.9262,2010-2015,Tertiary
greece,44.5062,2010-2015,Tertiary
guinea,18.7003,2010-2015,Tertiary
guyana,11.82965,2010-2015,Tertiary
honduras,19.7694,2010-2015,Tertiary
hungary,15.8136,2010-2015,Tertiary
iceland,8.64215,2010-2015,Tertiary
indonesia,21.7265,2010-2015,Tertiary
iran,19.052,2010-2015,Tertiary
ireland,15.3866,2010-2015,Tertiary
italy,18.6621,2010-2015,Tertiary
jordan,24.6337,2010-2015,Tertiary
kazakhstan,15.5072,2010-2015,Tertiary
kyrgyzstan,14.9032,2010-2015,Tertiary
lao people's dem. rep.,22.4597,2010-2015,Tertiary
latvia,16.2575,2010-2015,Tertiary
lebanon,6.4999,2010-2015,Tertiary
lesotho,29.2848,2010-2015,Tertiary
liberia,23.03465,2010-2015,Tertiary
lithuania,14.2656,2010-2015,Tertiary
luxembourg,5.3546,2010-2015,Tertiary
madagascar,17.6951,2010-2015,Tertiary
malawi,12.6125,2010-2015,Tertiary
malaysia,15.2003,2010-2015,Tertiary
malta,8.9809,2010-2015,Tertiary
marshall islands,19.5588,2010-2015,Tertiary
mauritania,40.65335,2010-2015,Tertiary
mauritius,30.3882,2010-2015,Tertiary
mexico,9.1865,2010-2015,Tertiary
mongolia,18.8739,2010-2015,Tertiary
mozambique,15.73635,2010-2015,Tertiary
myanmar,25.2772,2010-2015,Tertiary
nepal,60.0097,2010-2015,Tertiary
netherlands,12.5961,2010-2015,Tertiary
niger,11.277,2010-2015,Tertiary
nigeria,23.6062,2010-2015,Tertiary
north macedonia,17.8303,2010-2015,Tertiary
oman,16.8203,2010-2015,Tertiary
palau,8.2191,2010-2015,Tertiary
panama,9.2038,2010-2015,Tertiary
poland,19.2922,2010-2015,Tertiary
portugal,10.593,2010-2015,Tertiary
puerto rico,15.4028,2010-2015,Tertiary
qatar,8.643,2010-2015,Tertiary
republic of korea,14.6928,2010-2015,Tertiary
republic of moldova,16.8284,2010-2015,Tertiary
romania,32.1359,2010-2015,Tertiary
russian federation,14.414,2010-2015,Tertiary
rwanda,22.1753,2010-2015,Tertiary
saint lucia,9.2629,2010-2015,Tertiary
sao tome and principe,8.0632,2010-2015,Tertiary
saudi arabia,18.2436,2010-2015,Tertiary
serbia,15.31,2010-2015,Tertiary
singapore,13.830749999999998,2010-2015,Tertiary
sint maarten,3.43095,2010-2015,Tertiary
slovakia,17.5899,2010-2015,Tertiary
slovenia,16.5356,2010-2015,Tertiary
spain,12.1037,2010-2015,Tertiary
state of palestine,27.1882,2010-2015,Tertiary
sweden,15.5975,2010-2015,Tertiary
switzerland,7.553850000000001,2010-2015,Tertiary
tajikistan,14.67395,2010-2015,Tertiary
thailand,23.4852,2010-2015,Tertiary
togo,27.0656,2010-2015,Tertiary
tunisia,16.7933,2010-2015,Tertiary
turkey,33.4766,2010-2015,Tertiary
turkmenistan,5.4432,2010-2015,Tertiary
uganda,23.533250000000002,2010-2015,Tertiary
ukraine,13.0902,2010-2015,Tertiary
united kingdom,16.594050000000003,2010-2015,Tertiary
united rep. of tanzania,26.68825,2010-2015,Tertiary
uruguay,7.9955,2010-2015,Tertiary
uzbekistan,12.5301,2010-2015,Tertiary
viet nam,29.0369,2010-2015,Tertiary
zimbabwe,20.0904,2010-2015,Tertiary
